City_ID,City,Lat,Lng,Max Temp,Humidity,Cloudiness,Wind Speed,Country,Date
0,ust'-uda,54.1742,103.0304,23.58,30,15,1.12,RU,1718503170
1,atafu village,-8.5421,-172.5159,28.83,73,23,4.52,TK,1718503171
2,aasiaat,68.7098,-52.8699,2.6,88,18,2.77,GL,1718503173
3,grytviken,-54.2811,-36.5092,-4.84,78,20,4.45,GS,1718503174
4,coquimbo,-29.9533,-71.3436,13.85,79,0,2.57,CL,1718503135
5,jamestown,42.097,-79.2353,17.8,59,0,2.06,US,1718503011
6,tura,25.5198,90.2201,27.2,92,94,2.81,IN,1718503178
7,sitka,57.0531,-135.33,14.94,67,20,6.17,US,1718503180
8,petropavlovsk-kamchatsky,53.0452,158.6483,14.33,90,75,7.0,RU,1718503181
9,anadyr,64.75,177.4833,13.28,58,95,7.0,RU,1718503182
10,waitangi,-43.9535,-176.5597,13.79,90,0,2.24,NZ,1718503184
11,ribeira grande,38.5167,-28.7,20.99,93,71,4.02,PT,1718503185
12,bredasdorp,-34.5322,20.0403,11.45,93,83,2.66,ZA,1718503187
13,labasa,-16.4167,179.3833,27.79,78,67,4.02,FJ,1718503188
14,blackheath,51.4647,0.0079,13.04,86,8,4.63,GB,1718503189
15,kapa'a,22.0752,-159.319,30.99,79,10,3.58,US,1718503191
16,changchun,43.88,125.3228,21.98,50,0,3.63,CN,1718502896
17,holualoa,19.6228,-155.9522,25.86,76,38,0.45,US,1718503194
18,margaret river,-33.95,115.0667,16.92,74,29,4.65,AU,1718503195
19,thompson,55.7435,-97.8558,15.09,94,75,5.66,CA,1718503149
20,mount pearl,47.5166,-52.7813,17.14,94,100,8.75,CA,1718503198
21,port-aux-francais,-49.35,70.2167,1.53,69,98,6.12,TF,1718503199
22,stanley,54.868,-1.6985,8.21,94,40,2.57,GB,1718503015
23,vila velha,-20.3297,-40.2925,22.97,83,20,3.09,BR,1718502604
24,pacific grove,36.6177,-121.9166,21.23,73,0,6.69,US,1718503204
25,kourou,5.1552,-52.6478,25.03,90,19,2.26,GF,1718503206
26,miranda,3.2499,-76.2281,21.07,94,100,1.29,CO,1718503208
27,taoudenni,22.6783,-3.9836,36.28,10,0,6.2,ML,1718503210
28,west island,-12.1568,96.8225,25.99,94,75,8.75,CC,1718503211
29,tralee,52.2704,-9.7026,9.36,93,38,2.46,IE,1718503213
30,iqaluit,63.7506,-68.5145,2.85,93,100,2.06,CA,1718503213
31,rochester,43.1548,-77.6156,15.64,76,13,1.19,US,1718502611
32,vilyuchinsk,52.9306,158.4028,15.15,81,100,3.75,RU,1718503217
33,mokhsogollokh,61.4681,128.9203,21.24,48,100,3.88,RU,1718503219
34,lihue,21.9789,-159.3672,30.58,71,12,5.99,US,1718503220
35,saipan,15.1355,145.701,31.39,70,40,8.23,MP,1718503221
36,punta arenas,-53.15,-70.9167,-1.94,86,40,5.66,CL,1718503099
37,avarua,-21.2078,-159.775,27.03,78,0,6.69,CK,1718503224
38,port mathurin,-19.6833,63.4167,24.3,65,100,7.18,MU,1718503226
39,hithadhoo,-0.6,73.0833,28.01,74,4,1.42,MV,1718503227
40,leczyca,52.0596,19.1997,17.31,98,100,1.59,PL,1718503230
41,fortuna,40.5982,-124.1573,15.19,68,0,7.2,US,1718503232
42,talnakh,69.4865,88.3972,1.78,78,62,4.83,RU,1718503233
43,tindouf,27.6711,-8.1474,28.25,23,29,3.6,DZ,1718503235
44,ushuaia,-54.8,-68.3,-2.19,80,75,2.06,AR,1718503206
45,albany,42.6001,-73.9662,18.23,66,5,2.18,US,1718502778
46,puerto natales,-51.7236,-72.4875,-0.13,93,100,1.7,CL,1718503239
47,nabire,-3.3667,135.4833,29.47,66,100,1.16,ID,1718503240
48,minab,27.1467,57.0801,30.18,89,0,0.0,IR,1718503242
49,al qubbah,32.7616,22.2424,15.65,84,0,6.46,LY,1718503243
50,ilulissat,69.2167,-51.1,7.01,65,40,1.03,GL,1718503245
51,remire-montjoly,4.9167,-52.2667,25.02,94,75,4.63,GF,1718503246
52,adamstown,-25.066,-130.1015,20.85,58,34,1.01,PN,1718503248
53,invercargill,-46.4,168.35,8.9,99,99,0.45,NZ,1718503249
54,eydhafushi,5.1033,73.0708,28.59,75,60,5.74,MV,1718503250
55,puerto lempira,15.2667,-83.7667,27.02,88,100,4.0,HN,1718503252
56,flying fish cove,-10.4217,105.6791,26.82,89,75,5.14,CX,1718503253
57,callao,-12.0667,-77.15,18.73,77,75,3.09,PE,1718503193
58,hermanus,-34.4187,19.2345,14.33,88,100,5.02,ZA,1718503256
59,shenjiamen,29.9576,122.298,24.43,87,99,2.84,CN,1718503258
60,papatowai,-46.5619,169.4708,7.48,88,100,3.21,NZ,1718503259
61,rachitoasa,46.4333,27.3667,12.21,86,1,3.03,RO,1718503261
62,vail,32.0479,-110.712,37.88,7,0,4.12,US,1718503262
63,sargans,47.049,9.441,14.6,95,100,0.88,CH,1718503263
64,nyurba,63.2842,118.3319,5.03,93,100,3.55,RU,1718503265
65,udachny,66.4167,112.4,10.8,44,100,7.0,RU,1718503266
66,port alfred,-33.5906,26.891,15.57,86,25,1.8,ZA,1718503268
67,blackmans bay,-43.0167,147.3167,10.41,79,100,0.89,AU,1718503269
68,necochea,-38.5473,-58.7368,10.65,64,0,3.05,AR,1718503209
69,kalmunai,7.4167,81.8167,27.9,74,100,1.92,LK,1718503272
70,mbanza-ngungu,-5.25,14.8667,18.07,87,96,2.47,CD,1718503273
71,bac lieu,9.285,105.7244,31.16,59,100,5.44,VN,1718503275
72,harnosand,62.6323,17.9379,12.01,90,100,3.05,SE,1718503165
73,isafjordur,66.0755,-23.124,8.64,77,47,2.99,IS,1718503277
74,louiseville,46.2559,-72.9415,17.95,45,5,3.6,CA,1718503065
75,chonchi,-42.6128,-73.8092,7.56,92,100,2.02,CL,1718503280
76,puerto ayora,-0.7393,-90.3518,22.53,95,22,3.13,EC,1718503282
77,yanykurgan,43.915,67.2481,30.0,21,2,2.24,KZ,1718503284
78,colonia,50.9333,6.95,15.49,70,0,3.6,DE,1718503141
79,fort bragg,35.139,-79.006,28.91,55,0,2.57,US,1718503284
80,georgetown,5.4112,100.3354,29.96,74,20,2.06,MY,1718503072
81,cidreira,-30.1811,-50.2056,18.19,98,100,1.25,BR,1718503289
82,jose panganiban,14.2906,122.6917,32.28,62,86,0.21,PH,1718503290
83,bethel,41.3712,-73.414,20.93,68,0,2.06,US,1718503102
84,vorgashor,67.5833,63.95,3.78,81,100,3.34,RU,1718503293
85,qaqortoq,60.7167,-46.0333,3.69,87,100,1.1,GL,1718503295
86,vernon,50.2581,-119.2691,13.58,67,100,0.45,CA,1718503266
87,haiku-pauwela,20.9219,-156.3051,28.43,68,1,6.71,US,1718503297
88,st. john's,47.5649,-52.7093,17.6,94,100,8.75,CA,1718503051
89,palmer,42.1584,-72.3287,18.06,69,0,2.06,US,1718503137
90,olonkinbyen,70.9221,-8.7187,0.99,91,99,0.09,SJ,1718503301
91,bilibino,68.0546,166.4372,21.1,27,81,1.79,RU,1718503303
92,pisco,-13.7,-76.2167,17.03,88,40,2.06,PE,1718503304
93,ixtapa,20.7,-105.2,29.01,79,40,1.34,MX,1718503103
94,yellowknife,62.456,-114.3525,14.29,65,75,8.23,CA,1718503227
95,paita,-5.0892,-81.1144,18.93,80,89,6.77,PE,1718503309
96,hepingjie,42.0597,126.9158,17.26,66,11,3.69,CN,1718503310
97,humaita,-7.5061,-63.0208,25.4,63,31,1.04,BR,1718503311
98,lido di ostia,41.7321,12.2765,20.02,3,62,3.63,IT,1718503313
99,kayangel,8.0823,134.7173,28.88,72,100,2.62,PW,1718503314
100,selfoss,63.9331,-20.9971,10.02,76,97,2.45,IS,1718503315
101,penhalonga,-18.8911,32.6978,12.27,97,100,1.52,ZW,1718503317
102,constantia,44.1833,28.65,15.39,73,0,3.44,RO,1718503319
103,safotu,-13.4513,-172.4018,28.0,80,100,5.36,WS,1718503320
104,axim,4.8699,-2.2405,24.92,88,97,3.63,GH,1718503321
105,manokwari,-0.8667,134.0833,26.85,80,95,2.04,ID,1718503323
106,edinburgh of the seven seas,-37.0676,-12.3116,15.75,94,96,11.31,SH,1718503227
107,wailua homesteads,22.0669,-159.378,30.24,80,15,2.24,US,1718503326
108,zag,46.9441,99.165,16.69,55,0,0.14,MN,1718503327
109,tazovsky,67.4667,78.7,4.88,69,29,4.24,RU,1718503329
110,virrat,62.2476,23.78,8.66,90,100,1.99,FI,1718503330
111,zemio,5.0314,25.1361,20.37,98,100,1.34,CF,1718503332
112,yarmouth,41.7057,-70.2286,16.68,82,0,0.45,US,1718503294
113,queenstown,-31.8976,26.8753,6.81,79,68,0.59,ZA,1718503334
114,lompoc,34.6391,-120.4579,20.08,66,0,9.26,US,1718503253
115,shangqiu,34.45,115.65,31.59,37,100,5.7,CN,1718503337
116,cafayate,-26.073,-65.9761,11.62,81,2,1.43,AR,1718503231
117,kamien pomorski,53.9685,14.7726,11.2,72,100,3.34,PL,1718503340
118,port elizabeth,-33.918,25.5701,11.29,98,7,1.54,ZA,1718503342
119,gornopravdinsk,60.05,69.9,21.66,81,28,2.06,RU,1718503343
120,lebu,-37.6167,-73.65,9.53,91,16,1.65,CL,1718503345
121,usogorsk,63.4106,48.6872,6.48,94,81,0.65,RU,1718503346
122,port blair,11.6667,92.75,29.02,84,40,2.57,IN,1718503348
123,kapuskasing,49.4169,-82.4331,19.0,55,20,4.63,CA,1718503262
124,carnarvon,-24.8667,113.6333,20.46,82,100,4.38,AU,1718503350
125,xichang,27.8964,102.2634,22.2,75,89,0.94,CN,1718503352
126,margate,51.3813,1.3862,12.39,86,25,2.68,GB,1718503353
127,puerto baquerizo moreno,-0.9,-89.6,21.54,84,54,6.43,EC,1718503355
128,ta`u,-14.2336,-169.5144,27.75,79,92,8.72,AS,1718503356
129,olyokminsk,60.3736,120.4264,7.42,94,100,4.48,RU,1718503357
130,mournies,35.4764,24.0092,34.04,79,20,0.0,GR,1718503359
131,sainte-anne-des-monts,49.124,-66.4924,12.93,71,50,5.14,CA,1718503330
132,tazacorte,28.629,-17.9293,21.54,90,75,5.66,ES,1718503362
133,san bernardo del viento,9.3533,-75.9524,26.61,82,100,3.63,CO,1718503363
134,columbia city,41.1573,-85.4883,22.95,50,100,4.69,US,1718503364
135,xiongzhou,25.1167,114.3,28.86,80,93,2.29,CN,1718503366
136,utrik,11.2278,169.8474,28.33,76,84,6.23,MH,1718503367
137,zhaobaoshan,29.9695,121.6875,27.01,76,100,2.74,CN,1718503369
138,ramos arizpe,25.55,-100.9667,29.64,40,0,3.09,MX,1718503370
139,college,64.8569,-147.8028,24.18,42,40,4.63,US,1718503371
140,lazaro cardenas,17.9583,-102.2,27.85,84,23,2.03,MX,1718503373
141,longyearbyen,78.2186,15.6401,4.91,65,40,7.2,SJ,1718503374
142,cheremukhovo,60.3484,59.9851,16.09,95,100,0.89,RU,1718503376
143,shamakhi,40.6314,48.6414,19.18,72,5,1.66,AZ,1718503377
144,roshal',55.6685,39.8749,15.23,91,100,1.9,RU,1718503236
145,progreso,21.2833,-89.6667,24.06,97,58,4.55,MX,1718503380
146,dakhla,23.6848,-15.958,18.8,88,0,9.56,EH,1718503381
147,moyobamba,-6.05,-76.9667,18.91,99,12,0.85,PE,1718503383
148,thunder bay,48.4001,-89.3168,15.99,67,100,4.12,CA,1718503158
149,prado,-17.3411,-39.2208,23.41,84,44,2.99,BR,1718503283
150,hasaki,35.7333,140.8333,25.16,81,100,1.79,JP,1718503385
151,riverton,40.5219,-111.9391,30.13,22,55,4.02,US,1718503343
152,ficarazzi,38.0897,13.4681,25.89,63,100,0.89,IT,1718503390
153,pangkalpinang,-2.1333,106.1333,29.45,72,95,2.51,ID,1718503316
154,baie-comeau,49.2168,-68.1489,13.82,44,0,2.06,CA,1718503392
155,porto novo,6.4965,2.6036,24.71,88,100,1.77,BJ,1718503394
156,dunedin,-45.8742,170.5036,8.8,82,76,3.56,NZ,1718503282
157,motueka,-41.1333,173.0167,10.61,78,31,0.4,NZ,1718503397
158,jalai nur,49.45,117.7,23.56,34,100,10.09,CN,1718503398
159,whitehorse,60.7161,-135.0538,17.95,45,75,6.69,CA,1718503274
160,enewetak,11.3474,162.3373,28.25,74,25,7.58,MH,1718503401
161,badger,64.8,-147.5333,24.14,41,0,4.63,US,1718503392
162,mendoza,-32.8908,-68.8272,10.74,62,0,1.54,AR,1718502871
163,buri ram,14.9943,103.1039,28.15,52,100,4.84,TH,1718503405
164,arkhangel'sk,64.5401,40.5433,14.06,100,40,2.0,RU,1718503407
165,pauini,-7.7136,-66.9764,27.27,66,100,0.83,BR,1718503408
166,majagual,8.5389,-74.6204,24.3,96,100,0.39,CO,1718503410
167,arraial do cabo,-22.9661,-42.0278,21.89,86,2,8.64,BR,1718503198
168,isangel,-19.55,169.2667,29.06,79,40,3.09,VU,1718503412
169,tabligbo,6.5833,1.5,23.08,96,62,1.53,TG,1718503414
170,tuapse,44.1125,39.0742,20.84,88,87,6.27,RU,1718503415
171,yemetsk,63.4721,41.7941,12.74,94,20,1.8,RU,1718503416
172,sidney,-33.8679,151.2073,16.29,52,20,6.17,AU,1718503418
173,afaahiti,-17.75,-149.2833,27.93,84,49,6.87,PF,1718503419
174,teruel,40.6667,-0.6667,12.08,78,3,1.26,ES,1718503265
175,sola,-13.8833,167.55,26.04,81,100,2.03,VU,1718503422
176,bubaque,11.2833,-15.8333,25.52,86,100,7.82,GW,1718503423
177,castillos,-34.1667,-53.8333,9.69,90,1,0.65,UY,1718503425
178,velingara,13.15,-14.1167,25.43,82,100,3.51,SN,1718503426
179,okhotsk,59.3833,143.3,9.71,80,97,2.66,RU,1718503428
180,cuyo,10.8525,121.0086,29.12,73,98,2.99,PH,1718503429
181,los llanos de aridane,28.6585,-17.9182,19.86,90,75,5.66,ES,1718503430
182,azua,18.4532,-70.7349,26.32,85,100,1.2,DO,1718503432
183,sullivan,36.5168,-82.5332,25.46,66,20,0.0,US,1718503433
184,mahina,-17.5065,-149.489,28.87,70,75,3.6,PF,1718503435
185,lagunas,-5.2269,-75.6753,23.3,97,15,0.97,PE,1718503436
186,tsiombe,-25.3,45.4833,18.73,73,95,0.36,MG,1718503385
187,port augusta,-32.5,137.7667,15.94,47,67,1.51,AU,1718503383
188,tiksi,71.6872,128.8694,6.41,70,89,4.19,RU,1718503382
189,iskateley,67.6803,53.1512,5.01,66,10,3.58,RU,1718503442
190,geraldton,-28.7667,114.6,17.23,88,100,4.12,AU,1718503385
191,coxim,-18.5067,-54.76,23.24,47,0,0.94,BR,1718503203
192,kailua-kona,19.6406,-155.9956,27.38,81,75,1.54,US,1718503446
193,zhytkavichy,52.2168,27.8561,12.07,98,9,1.97,BY,1718503447
194,cabo san lucas,22.8909,-109.9124,28.61,74,0,4.63,MX,1718503448
195,east ballina,-28.8667,153.5833,19.33,57,100,6.54,AU,1718503450
196,vorkuta,67.5,64.0,3.95,81,100,3.58,RU,1718503452
197,luderitz,-26.6481,15.1594,20.48,23,24,4.61,NA,1718503393
198,saint-pierre,-21.3393,55.4781,21.77,94,100,2.57,RE,1718503455
199,vila franca do campo,37.7167,-25.4333,19.23,99,11,2.21,PT,1718503430
200,touros,-5.1989,-35.4608,23.53,92,20,3.46,BR,1718503457
201,tchintabaraden,15.8969,5.7985,31.29,43,0,4.33,NE,1718503459
202,springbok,-29.6643,17.8865,13.96,24,100,4.41,ZA,1718503460
203,waddan,29.1614,16.139,25.89,35,0,2.91,LY,1718503462
204,san patricio,28.017,-97.5169,30.94,66,0,5.35,US,1718503386
205,bangassou,4.7413,22.8184,20.45,99,100,1.28,CF,1718503464
206,codrington,-38.2667,141.9667,12.66,60,96,6.86,AU,1718503466
207,inarajan village,13.2736,144.7484,32.08,83,95,7.75,GU,1718503467
208,crane,31.3974,-102.3501,32.73,33,0,9.84,US,1718503469
209,fale old settlement,-9.3852,-171.2468,28.89,74,100,5.82,TK,1718503470
210,bayganin,48.6947,55.8742,27.48,39,16,3.42,KZ,1718503471
211,chinchilla,-26.75,150.6333,17.23,59,0,1.34,AU,1718503473
212,solwezi,-12.1688,26.3894,6.28,64,38,1.76,ZM,1718503474
213,nam som,17.7704,102.1895,30.61,75,100,1.18,TH,1718503476
214,berdigestyakh,62.0989,126.6992,21.68,54,96,2.75,RU,1718503477
215,lenino,45.2986,35.7771,21.32,90,71,4.19,UA,1718503479
216,owen sound,44.5672,-80.9435,13.21,77,100,1.29,CA,1718503271
217,columbus,39.9612,-82.9988,22.29,59,0,2.06,US,1718503267
218,san julian,21.0167,-102.1667,25.19,22,30,5.38,MX,1718503484
219,kyren,51.6828,102.1408,24.41,44,12,1.34,RU,1718503485
220,ostersund,63.1792,14.6357,11.45,83,100,5.66,SE,1718503218
221,nogliki,51.8333,143.1667,5.75,98,100,4.92,RU,1718503488
222,ouarzazat,30.9189,-6.8934,23.16,12,0,2.06,MA,1718503490
223,santa ana,33.7456,-117.8678,32.47,60,0,4.63,US,1718503491
224,tanabe,33.7333,135.3667,26.56,78,20,2.06,JP,1718503492
225,bamboo flat,11.7,92.7167,29.05,84,40,2.57,IN,1718503494
226,lorengau,-2.0226,147.2712,28.57,77,100,3.36,PG,1718503495
227,xilin hot,43.9667,116.0333,24.8,22,28,6.36,CN,1718503386
228,port lincoln,-34.7333,135.8667,13.34,69,11,4.33,AU,1718503498
229,smithers,54.7804,-127.1743,11.18,82,100,5.66,CA,1718503399
230,raduzhny,62.0961,77.475,14.52,76,88,4.86,RU,1718503501
231,tadmur,34.5608,38.2805,27.36,24,3,3.21,SY,1718503502
232,tortoli,39.9256,9.6572,24.43,71,100,0.45,IT,1718503504
233,veraval,20.9,70.3667,30.21,71,4,4.01,IN,1718503505
234,tonota,-21.4833,27.4833,10.15,81,0,2.63,BW,1718503402
235,copiapo,-27.3667,-70.3333,11.83,77,0,0.41,CL,1718503356
236,hamilton,39.1834,-84.5333,22.43,53,60,2.07,US,1718503210
237,buka,40.8108,69.1986,25.87,33,6,1.92,UZ,1718503212
238,kodiak,57.79,-152.4072,17.73,52,0,4.12,US,1718503394
239,nemuro,43.3236,145.575,14.44,94,81,5.38,JP,1718503439
240,santiago de cao,-7.9589,-79.2392,17.07,88,50,4.63,PE,1718503269
241,mount isa,-20.7333,139.5,20.87,40,0,4.12,AU,1718503516
242,fisterra,42.9049,-9.2629,16.53,95,100,5.62,ES,1718503418
243,kenora,49.8167,-94.4337,23.54,60,75,7.2,CA,1718503496
244,ar rutbah,33.0381,40.2848,27.89,24,3,3.94,IQ,1718503520
245,fuerte olimpo,-21.0415,-57.8738,25.47,58,48,1.64,PY,1718503522
246,murzuq,25.9155,13.9184,29.93,23,0,4.38,LY,1718503523
247,tual,-5.6667,132.75,26.09,76,91,9.61,ID,1718503387
248,luwuk,-0.9516,122.7875,27.0,70,79,2.33,ID,1718503526
249,nadi,-17.8,177.4167,28.0,69,75,4.63,FJ,1718503527
250,la sarre,48.8002,-79.1996,9.48,64,13,3.22,CA,1718503323
251,nar'yan-mar,67.6713,53.087,5.06,66,11,3.58,RU,1718503530
252,acarau,-2.8856,-40.12,24.6,87,100,3.8,BR,1718503431
253,ulsteinvik,62.3432,5.8487,15.73,65,94,1.34,NO,1718503533
254,hoquiam,46.9809,-123.8893,13.85,75,100,5.14,US,1718503534
255,susuman,62.7833,148.1667,17.21,48,29,5.36,RU,1718503536
256,eyl,7.9803,49.8164,26.52,65,100,7.87,SO,1718503537
257,revda,56.801,59.9303,20.27,92,58,2.52,RU,1718503539
258,qui nhon,13.7667,109.2333,32.77,57,99,1.36,VN,1718503540
259,caldwell,43.6629,-116.6874,21.93,17,0,6.17,US,1718503542
260,sangueya,10.7,-14.3667,25.18,92,100,1.27,GN,1718503543
261,rio gallegos,-51.6226,-69.2181,-0.97,86,20,5.14,AR,1718503280
262,mpika,-11.8343,31.4529,6.96,82,5,1.89,ZM,1718503546
263,sao vicente,-23.9631,-46.3919,26.82,26,2,2.55,BR,1718503356
264,swakopmund,-22.6833,14.5333,23.47,31,0,5.43,NA,1718503548
265,pudozh,61.8099,36.5345,10.53,87,89,0.89,RU,1718503550
266,praia da vitoria,38.7333,-27.0667,20.42,82,20,2.73,PT,1718503551
267,piedecuesta,6.9879,-73.0495,20.62,94,100,1.01,CO,1718503553
268,daru,-9.0763,143.2092,25.82,69,99,4.5,PG,1718503554
269,ivdel',60.6911,60.4206,16.77,98,97,2.68,RU,1718503556
270,ust-nera,64.5667,143.2,21.22,36,17,1.93,RU,1718503383
271,forster,-32.1667,152.5167,15.72,64,0,6.72,AU,1718503558
272,mar del plata,-38.0023,-57.5575,12.15,71,0,2.24,AR,1718503254
273,fiambala,-27.6871,-67.6149,8.97,76,0,0.91,AR,1718503561
274,argostolion,38.1811,20.489,19.71,85,41,3.01,GR,1718503563
275,"laikit, laikit ii (dimembe)",1.4792,124.9735,30.47,66,20,1.54,ID,1718503564
276,vodnyy,63.5046,53.4095,9.12,80,74,2.95,RU,1718503566
277,hobyo,5.3505,48.5268,25.2,78,89,9.22,SO,1718503567
278,concepcion,-36.827,-73.0498,10.89,93,10,0.0,CL,1718503568
279,itoman,26.1247,127.6694,28.38,100,75,6.17,JP,1718503570
280,hoopeston,40.4673,-87.6684,23.25,41,100,3.79,US,1718503571
281,warrnambool,-38.3833,142.4833,12.3,65,100,6.63,AU,1718503572
282,papao,-17.75,-149.55,28.82,83,27,7.81,PF,1718503416
283,alofi,-19.0595,-169.9187,26.94,78,75,4.63,NU,1718503410
284,oyugis,-0.509,34.7358,16.26,91,55,1.67,KE,1718503329
285,kemijarvi,66.7131,27.4306,8.48,90,11,1.59,FI,1718503578
286,tevriz,57.509,72.4042,23.17,71,10,1.93,RU,1718503579
287,kaa-khem,51.6833,94.7333,23.56,37,15,1.32,RU,1718503385
288,starodub,52.5844,32.7633,15.89,95,99,3.03,RU,1718503582
289,sur,22.5667,59.5289,31.45,56,0,2.85,OM,1718503584
290,port saint john's,-31.6229,29.5448,18.72,82,100,1.24,ZA,1718503585
291,zeya,53.75,127.2667,23.6,41,17,6.29,RU,1718503587
292,orkney,-26.9802,26.6727,8.22,40,0,1.81,ZA,1718503588
293,el burgo de osma,41.5862,-3.0652,10.85,51,25,1.61,ES,1718503415
294,weno,7.4515,151.8468,29.97,94,75,2.06,FM,1718503591
295,la ronge,55.1001,-105.2842,16.12,82,75,4.12,CA,1718503389
296,pierre,44.3683,-100.351,26.51,69,0,1.54,US,1718503594
297,mili,6.0815,171.735,28.44,77,74,5.54,MH,1718503595
298,acapulco de juarez,16.8634,-99.8901,28.9,79,75,5.14,MX,1718503416
299,sugarcreek,41.4215,-79.8812,16.93,68,0,1.54,US,1718503598
300,cooma,-36.2333,149.1333,4.91,61,57,6.72,AU,1718503599
301,chibougamau,49.9168,-74.3659,13.79,47,0,1.54,CA,1718503391
302,benalla,-36.55,145.9833,11.23,46,0,3.41,AU,1718503602
303,mabaruma,8.2,-59.7833,23.25,100,100,0.49,GY,1718503603
304,saryozek,44.3583,77.9753,21.67,38,1,0.46,KZ,1718503605
305,urucara,-2.5364,-57.76,25.86,79,100,1.24,BR,1718503430
306,torghay,49.6339,63.4981,26.52,50,1,2.15,KZ,1718503608
307,hawaiian paradise park,19.5933,-154.9731,27.73,71,75,4.12,US,1718503389
308,okha,53.5739,142.9478,7.36,89,100,6.71,RU,1718503611
309,sebeta,8.9167,38.6167,15.22,61,86,0.85,ET,1718503612
310,malango,-2.9627,119.9001,26.4,65,53,1.62,ID,1718503425
311,worland,44.0169,-107.9554,27.72,20,0,5.66,US,1718503615
312,boyolangu,-8.1181,111.8935,26.71,74,19,2.12,ID,1718503481
313,minas de marcona,-15.2119,-75.1103,11.37,90,89,6.17,PE,1718503618
314,east london,-33.0153,27.9116,16.61,80,44,2.27,ZA,1718503413
315,rikaze,29.25,88.8833,17.08,35,46,2.06,CN,1718503422
316,fort mcmurray,56.7268,-111.381,12.73,82,100,3.09,CA,1718503622
317,mingguang,32.7802,117.9638,32.87,44,97,5.78,CN,1718503487
318,valparaiso,-33.0393,-71.6273,15.0,79,0,1.03,CL,1718503615
319,cananeia,-25.0147,-47.9267,22.01,67,7,2.02,BR,1718503626
320,puerto santa,-8.9906,-78.6456,17.46,87,13,4.08,PE,1718503628
321,tamanrasset,22.785,5.5228,23.95,9,0,1.03,DZ,1718503629
322,budleigh salterton,50.6298,-3.3218,12.27,86,5,6.77,GB,1718503630
323,happy valley-goose bay,53.3168,-60.3315,9.98,55,100,2.09,CA,1718503632
324,dalian,38.9122,121.6022,28.96,37,0,2.0,CN,1718503532
325,vila do maio,15.1333,-23.2167,22.07,86,34,3.85,CV,1718503635
326,butte,39.6499,-121.5677,29.66,16,0,4.63,US,1718503493
327,arteche,12.2645,125.4048,29.44,78,100,2.41,PH,1718503638
328,bafq,31.6128,55.4107,26.38,34,2,1.08,IR,1718503639
329,vilyuysk,63.7553,121.6247,8.33,96,100,3.13,RU,1718503640
330,yeppoon,-23.1333,150.7333,23.47,36,0,3.5,AU,1718503642
331,vikhorevka,56.1201,101.1636,21.77,30,4,2.81,RU,1718503643
332,saint augustine beach,29.8505,-81.2654,28.33,78,40,3.09,US,1718503645
333,karratha,-20.7377,116.8463,25.42,63,2,2.9,AU,1718503646
334,ancud,-41.8697,-73.8203,8.66,82,100,3.88,CL,1718503647
335,myski,53.709,87.8014,22.83,76,24,1.98,RU,1718503649
336,weatherford,32.7593,-97.7972,29.51,62,30,0.45,US,1718503650
337,keflavik,64.0049,-22.5624,7.24,100,100,5.14,IS,1718503652
338,urumqi,43.801,87.6005,21.53,43,0,3.0,CN,1718503653
339,sakakah,29.9697,40.2064,30.76,17,0,1.77,SA,1718503654
340,calatayud,41.3535,-1.6432,15.69,69,12,0.24,ES,1718503656
341,kingston,17.997,-76.7936,25.82,88,94,2.0,JM,1718503657
342,rechka-vydrino,51.485,104.8461,15.78,60,63,1.57,RU,1718503658
343,gaiman,-43.2897,-65.4929,6.84,58,70,2.89,AR,1718503660
344,kavieng,-2.5744,150.7967,28.41,75,100,3.32,PG,1718503661
345,bijapur,16.8333,75.7,24.48,79,89,5.39,IN,1718503663
346,uturoa,-16.7333,-151.4333,26.91,79,16,8.03,PF,1718503664
347,pombas,17.1503,-25.0201,16.57,82,16,3.81,CV,1718503665
348,polyarnyy,69.1989,33.4478,10.21,95,100,4.02,RU,1718503411
349,terenozek,45.05,64.9833,27.84,33,0,4.27,KZ,1718503668
350,huarmey,-10.0681,-78.1522,17.77,86,20,4.61,PE,1718503387
351,the pas,53.8251,-101.2541,20.01,73,100,5.14,CA,1718503671
352,khuzdar,27.7384,66.6434,28.94,34,13,1.66,PK,1718503673
353,carutapera,-1.195,-46.02,23.69,95,53,2.49,BR,1718503674
354,sinabang,2.4803,96.3801,26.07,90,100,4.67,ID,1718503676
355,mkushi,-13.6202,29.3939,7.45,85,4,2.28,ZM,1718503677
356,nouadhibou,20.931,-17.0347,18.57,86,4,8.61,MR,1718503679
357,al kharijah,25.4514,30.5464,32.75,25,0,8.68,EG,1718503680
358,bikenibeu village,1.3673,173.1241,29.98,74,75,3.6,KI,1718503682
359,mana,5.6592,-53.7767,25.81,86,6,3.1,GF,1718503683
360,butterworth,5.3991,100.3638,30.02,74,20,2.06,MY,1718503445
361,atar,20.5169,-13.0499,33.37,22,0,3.57,MR,1718503686
362,naze,28.3667,129.4833,26.51,80,100,3.86,JP,1718503427
363,tommot,58.9564,126.2925,12.09,90,100,2.61,RU,1718503688
364,cannonvale,-20.2833,148.7,25.33,38,0,3.37,AU,1718503690
365,saint-philippe,-21.3585,55.7679,21.73,92,93,1.14,RE,1718503691
366,miles city,46.4083,-105.8406,19.54,59,20,16.46,US,1718503448
367,sitangkai,4.6628,119.3928,28.82,74,93,4.5,PH,1718503434
368,inderbor,48.55,51.7833,29.31,25,38,2.16,KZ,1718503696
369,nizhniy odes,63.6445,54.856,7.86,87,100,3.19,RU,1718503698
370,pompeu,-19.2244,-44.9353,16.56,57,0,1.28,BR,1718503524
371,labrador city,52.9463,-66.9114,6.77,61,96,1.71,CA,1718503665
372,nahiyat ash shinafiyah,31.5874,44.6602,33.95,16,0,3.91,IQ,1718503702
373,basco,20.4487,121.9702,29.81,81,100,6.79,PH,1718503703
374,armacao de buzios,-22.7469,-41.8817,21.1,89,0,7.12,BR,1718503705
375,gadzhiyevo,69.2551,33.3362,10.63,94,100,4.11,RU,1718503706
376,luau,-10.7073,22.2247,10.34,38,58,2.07,AO,1718503708
377,broome,42.2506,-75.833,13.22,92,0,0.45,US,1718503709
378,greenville,35.6127,-77.3663,28.09,57,0,3.6,US,1718503150
379,karachi,24.9056,67.0822,30.9,70,40,5.66,PK,1718503607
380,yamada,39.4667,141.95,25.05,53,98,3.43,JP,1718503454
381,prince rupert,54.3161,-130.3201,10.55,93,100,0.96,CA,1718503715
382,ebaye,8.7748,167.7392,30.01,79,0,4.12,MH,1718503716
383,san antonio de pale,-1.4014,5.6325,24.53,82,100,5.17,GQ,1718503718
384,grand falls-windsor,48.9332,-55.6649,14.72,93,100,0.45,CA,1718503719
385,santana do livramento,-30.8908,-55.5328,18.39,86,100,6.45,BR,1718503554
386,new martinsville,39.6445,-80.8576,18.95,61,56,1.69,US,1718503722
387,saint-joseph,-21.3667,55.6167,21.17,93,96,1.13,RE,1718503723
388,soio,-6.1349,12.3689,22.2,91,100,2.35,AO,1718503724
389,namsos,64.4662,11.4957,14.95,67,11,4.12,NO,1718503726
390,santa terezinha,-29.9002,-50.0904,18.22,98,100,0.52,BR,1718503727
391,brookings,44.3114,-96.7984,22.36,93,75,4.12,US,1718503564
392,suoyarvi,62.0833,32.35,10.39,72,100,1.38,RU,1718503730
393,pogradec,40.9025,20.6525,13.53,72,7,1.32,AL,1718503731
394,dryden,49.7833,-92.7503,18.39,80,93,4.59,CA,1718503733
395,sandnessjoen,66.0217,12.6316,8.29,70,1,5.29,NO,1718503734
396,vadso,70.0744,29.7487,11.49,87,40,0.0,NO,1718503736
397,teploye,53.6202,37.5903,14.66,92,100,3.4,RU,1718503737
398,weligama,5.9667,80.4167,28.84,86,100,4.66,LK,1718503738
399,castro alves,-12.7656,-39.4283,19.28,98,28,2.2,BR,1718503740
400,juegang,32.3174,121.1855,27.77,58,100,4.39,CN,1718503482
401,severo-yeniseyskiy,60.3725,93.0408,18.65,80,99,3.13,RU,1718503743
402,reggane,26.7158,0.1714,35.07,16,0,6.96,DZ,1718503744
403,akureyri,65.6835,-18.0878,13.15,72,98,0.87,IS,1718503746
404,vanimo,-2.6741,141.3028,25.57,93,100,2.29,PG,1718503747
405,kruisfontein,-34.0033,24.7314,11.65,88,36,2.16,ZA,1718503749
406,alto araguaia,-17.3147,-53.2153,18.25,50,0,1.55,BR,1718503751
407,khandyga,62.6667,135.6,24.14,27,5,4.18,RU,1718503752
408,ban dan lan hoi,17.0068,99.575,29.81,66,100,4.63,TH,1718503754
409,al hamul,31.3115,31.1477,23.57,79,0,2.33,EG,1718503755
410,napili-honokowai,20.9708,-156.6705,29.06,70,3,7.4,US,1718503756
411,belyy yar,53.6039,91.3903,22.94,56,0,0.0,RU,1718503758
412,mount pleasant,32.7941,-79.8626,29.08,74,40,0.45,US,1718503706
413,tarawa,1.419,172.984,30.05,74,75,3.6,KI,1718503761
414,la'ie,21.6477,-157.9253,29.98,74,0,3.13,US,1718503762
415,new norfolk,-42.7826,147.0587,11.07,78,100,2.34,AU,1718503763
416,sabang,5.8933,95.3214,29.74,71,100,5.86,ID,1718503765
417,caransebes,45.4167,22.2167,14.28,75,3,1.58,RO,1718503627
418,guanica,17.9716,-66.908,28.32,88,39,2.98,PR,1718503768
419,saynshand,44.8824,110.1163,25.62,20,3,5.49,MN,1718503769
420,gisborne,-38.6533,178.0042,16.69,59,99,2.31,NZ,1718503771
421,bardai,11.65,7.2333,23.51,81,100,3.46,NG,1718503772
422,maceio,-9.6658,-35.7353,25.69,78,40,3.09,BR,1718503698
423,tejen,37.3834,60.5054,28.19,30,2,3.48,TM,1718503776
424,charters towers,-20.1,146.2667,22.94,25,0,4.22,AU,1718503479
425,egilsstadir,65.2653,-14.3948,11.19,78,100,1.36,IS,1718503778
426,muravlenko,63.7898,74.523,11.39,70,60,6.16,RU,1718503780
427,rio guayabal de yateras,20.3667,-75.0167,23.2,97,100,0.85,CU,1718503782
428,pangody,65.85,74.4859,7.54,61,70,5.05,RU,1718503783
429,freetown,8.484,-13.2299,25.38,87,100,3.2,SL,1718503784
430,thayetmyo,19.3167,95.1833,28.83,76,100,3.48,MM,1718503786
431,ipu,-4.3222,-40.7108,20.06,94,95,1.51,BR,1718503787
432,kingscliff,-28.2667,153.5667,21.52,48,86,5.66,AU,1718503789
433,nuuk,64.1835,-51.7216,10.34,66,75,8.23,GL,1718503790
434,bandarbeyla,9.4942,50.8122,25.95,75,94,8.9,SO,1718503792
435,gorontalo,0.5412,123.0595,28.06,76,87,0.82,ID,1718503793
436,majano,46.1875,13.0616,17.34,92,24,2.26,IT,1718503794
437,coahuayana de hidalgo,18.7,-103.6583,27.08,78,6,1.23,MX,1718503796
438,kerikeri,-35.2268,173.9474,15.51,86,100,3.05,NZ,1718503797
439,quilali,13.567,-86.026,22.96,94,100,0.7,NI,1718503799
440,gamba,-2.65,10.0,22.05,91,100,1.41,GA,1718503800
441,smolensk,55.0,33.0,14.25,96,100,2.31,RU,1718503801
442,san juanito,28.0,-107.5833,25.49,33,49,5.96,MX,1718503804
443,putina,-15.4667,-69.4333,8.0,80,31,4.59,PE,1718503806
444,bel ombre,-4.6167,55.4167,27.79,79,14,5.94,SC,1718503808
445,zhangye,38.9342,100.4517,27.92,29,1,5.31,CN,1718503809
446,suntar,62.1444,117.6319,5.51,94,100,3.53,RU,1718503811
447,bad sackingen,47.5537,7.9461,15.29,94,15,0.21,DE,1718503812
448,banda aceh,5.5577,95.3222,28.86,75,99,3.71,ID,1718503814
449,howard springs,-12.497,131.047,28.95,69,4,3.65,AU,1718503815
450,umm kaddadah,13.6017,26.6876,30.27,41,100,3.8,SD,1718503817
451,turpan,42.9333,89.1667,31.0,31,0,2.42,CN,1718503818
452,altai,46.3722,96.2583,16.28,49,100,1.77,MN,1718503819
453,norilsk,69.3535,88.2027,1.9,80,100,4.34,RU,1718503821
454,nova sintra,14.8667,-24.7167,23.62,81,14,4.86,CV,1718503822
455,karatuzskoye,53.6072,92.8667,20.21,76,6,1.34,RU,1718503824
456,altay,47.8667,88.1167,21.42,33,93,1.45,CN,1718503825
457,palangkaraya,-2.2,113.8333,29.15,64,40,1.87,ID,1718503827
458,hammerfest,70.6634,23.6821,6.25,100,100,4.63,NO,1718503828
459,rossosh',51.1209,38.5116,18.11,97,100,5.67,RU,1718503829
460,dudinka,69.4058,86.1778,2.04,89,100,4.47,RU,1718503831
461,lahij,13.1667,44.5833,30.03,46,70,1.9,YE,1718503832
462,santa cruz,-17.8,-63.1667,22.7,94,75,3.6,BO,1718503772
463,hargeysa,9.56,44.065,21.03,58,24,10.45,SO,1718503835
464,port isabel,26.0734,-97.2086,30.02,76,0,6.17,US,1718503837
465,dzhangala,49.2167,50.3333,28.4,42,9,1.35,KZ,1718503838
466,gevas,38.2968,43.1083,10.78,53,0,2.01,TR,1718503840
467,julio de castilhos,-29.2269,-53.6817,17.79,98,100,2.86,BR,1718503841
468,vakarai,55.6035,23.8213,11.29,85,100,2.59,LT,1718503843
469,mugia,43.1041,-9.2179,16.62,97,100,6.64,ES,1718503845
470,ketchikan,55.3422,-131.6461,14.63,72,40,4.12,US,1718503846
471,lastoursville,-0.8143,12.7287,22.05,99,100,1.1,GA,1718503847
472,malgrat de mar,41.6466,2.7414,19.97,71,8,1.59,ES,1718503849
473,greenland,43.0362,-70.8328,17.84,61,20,2.06,US,1718503850
474,ormoc,11.0064,124.6075,31.98,63,100,1.46,PH,1718503852
475,lerwick,60.1545,-1.1494,11.0,87,100,8.77,GB,1718503853
476,thames,-37.1333,175.5333,15.94,68,100,2.31,NZ,1718503854
477,alaghsas,17.0187,8.0168,28.9,41,11,3.06,NE,1718503856
478,alexandria,31.2156,29.9553,24.93,77,0,3.72,EG,1718503857
479,puerto aysen,-45.4,-72.7,5.79,99,100,1.79,CL,1718503859
480,palikir - national government center,6.9248,158.1611,31.47,74,75,2.57,FM,1718503860
481,hilo,19.7297,-155.09,30.16,77,75,4.12,US,1718503862
482,tateyama,34.9833,139.8667,23.06,83,100,2.63,JP,1718503863
483,midvagur,62.0511,-7.1939,8.46,81,100,5.14,FO,1718503864
484,qarqaraly,49.4058,75.4742,18.71,67,10,2.16,KZ,1718503866
485,monrovia,6.3005,-10.7969,25.18,88,100,3.51,LR,1718503868
486,ordynskoye,54.3656,81.8994,21.85,80,97,2.3,RU,1718503869
487,puerto madryn,-42.7692,-65.0385,9.06,47,6,2.34,AR,1718503624
488,lubang,13.8584,120.124,29.56,70,100,1.81,PH,1718503872
489,korla,41.7597,86.1469,27.13,23,7,6.31,CN,1718503873
490,priozersk,61.0393,30.1291,8.25,71,67,2.04,RU,1718503875
491,vanino,49.0869,140.2543,9.96,99,100,2.11,RU,1718503876
492,novyye burasy,52.1324,46.0714,21.48,89,100,4.17,RU,1718503878
493,znamenka,52.4167,41.4311,17.68,95,86,4.53,RU,1718503879
494,le trait,49.4689,0.8163,12.53,96,81,4.64,FR,1718503881
495,dolores,-36.3132,-57.6792,10.87,57,37,1.38,AR,1718503882
496,portland,45.5234,-122.6762,16.99,59,40,7.2,US,1718503619
497,wakkanai,45.4094,141.6739,14.66,91,100,4.96,JP,1718503885
498,greymouth,-42.4667,171.2,11.89,87,97,6.41,NZ,1718503887
499,cole harbour,44.6724,-63.4751,12.68,93,78,3.13,CA,1718503888
500,cuenca,-2.8833,-78.9833,12.64,92,72,0.77,EC,1718503740
501,mersing,2.4312,103.8405,27.9,82,70,1.68,MY,1718503891
502,gutao,37.2025,112.1781,28.42,35,100,2.2,CN,1718503892
503,praia,14.9215,-23.5087,22.3,83,58,3.96,CV,1718503894
504,taulaga,-11.0553,-171.0883,28.61,76,89,5.06,AS,1718503895
505,gejiu,23.306,103.1635,18.59,91,79,2.2,CN,1718503897
506,griffith,41.5284,-87.4237,26.96,52,0,5.14,US,1718503898
507,kajiado,-1.8524,36.7768,12.84,74,74,2.39,KE,1718503900
508,port-gentil,-0.7193,8.7815,24.62,84,100,5.36,GA,1718503901
509,buala,-8.145,159.5921,28.51,75,46,0.59,SB,1718503903
510,lospalos,-8.5186,127.0025,25.64,61,82,5.25,TL,1718503904
511,nuku'alofa,-21.1333,-175.2,28.19,83,40,4.12,TO,1718503714
512,illizi,26.4833,8.4667,32.22,10,0,2.32,DZ,1718503907
513,bodo,67.28,14.405,13.21,78,10,4.63,NO,1718503908
514,strezhevoy,60.7333,77.5889,19.98,86,100,3.13,RU,1718503910
515,gunnison,38.7,-107.0673,17.47,37,46,2.9,US,1718503911
516,ormara,25.2088,64.6357,28.04,83,49,6.23,PK,1718503913
517,mount gambier,-37.8333,140.7667,12.38,56,100,3.87,AU,1718503914
518,bobo-dioulasso,11.1771,-4.2979,24.28,74,86,0.65,BF,1718503915
519,sinanpasa,38.7444,30.2428,11.56,90,0,1.52,TR,1718503917
520,mejit,10.2753,170.8646,28.32,78,100,6.43,MH,1718503919
521,magadan,59.5667,150.8,14.18,80,84,3.43,RU,1718503920
522,kilju,40.9642,129.3278,26.0,34,57,2.25,KP,1718503751
523,liuboml,51.226,24.0373,11.17,94,45,3.15,UA,1718503923
524,parras de la fuente,25.4167,-102.1833,26.78,34,0,7.09,MX,1718503925
525,watertown,42.3709,-71.1828,18.36,55,0,2.06,US,1718503665
526,awjilah,29.1081,21.2869,27.21,34,0,4.48,LY,1718503927
527,sebastopol,44.6,33.5333,20.56,61,55,0.89,UA,1718503929
528,sao miguel do araguaia,-13.275,-50.1628,22.12,49,5,2.36,BR,1718503930
529,ola,59.5833,151.2833,14.52,81,43,3.41,RU,1718503932
530,tughyl,47.7252,84.2063,18.8,64,100,2.25,KZ,1718503933
531,klyuchi,52.2667,79.1667,23.16,67,99,2.57,RU,1718503934
532,gebeit,21.0667,36.3167,28.75,14,40,0.47,SD,1718503936
533,itamaraca,-7.7478,-34.8256,25.03,86,49,6.42,BR,1718503937
534,el granada,37.5027,-122.4694,22.91,65,0,11.83,US,1718503939
535,porto,41.1496,-8.611,16.22,84,75,2.24,PT,1718503940
536,vershino-darasunskiy,52.35,115.5167,16.52,34,96,4.86,RU,1718503942
537,port-vila,-17.7338,168.3219,26.78,89,75,3.09,VU,1718503943
538,al masallamiyya,14.5748,33.3373,29.43,54,90,6.65,SD,1718503945
539,la grande,45.3246,-118.0877,15.0,55,84,5.51,US,1718503718
540,nizhniy kuranakh,58.8353,125.4869,10.77,95,100,1.24,RU,1718503947
541,ak-dovurak,51.1833,90.6,20.06,58,99,0.45,RU,1718503949
542,panjab,34.388,67.0233,11.65,52,0,0.51,AF,1718503950
543,mudgee,-32.5943,149.5871,11.46,52,3,4.32,AU,1718503952
544,yuanping,38.7153,112.7575,26.27,31,69,1.27,CN,1718503953
545,namibe,-15.1961,12.1522,19.44,77,0,2.62,AO,1718503955
546,mazar-e sharif,36.709,67.1109,31.8,16,2,2.77,AF,1718503957
